# Name,     Type, SubType,  Offset,  Size, Flags
# Note: if you have increased the bootloader size, make sure to update the offsets to avoid overlap
#
# Dual OTA slots (Phase 7a) replace the single "factory" partition — see
# ARCHITECTURE.md's OTA section. otadata tracks which slot is active/
# pending-verify; coredump is reserved for Phase 7c's crash-dump capture.
# Repartitioning wipes NVS: `idf.py erase-flash` is required after this
# change, which also wipes the record store and blocklist (see README).
nvs,       data, nvs,      0x9000,  0x10000,
otadata,   data, ota,      ,        0x2000,
phy_init,  data, phy,      ,        0x1000,
coredump,  data, coredump, ,        0x10000,
ota_0,     app,  ota_0,    ,        0x400000,
ota_1,     app,  ota_1,    ,        0x400000,
